<?xml version="1.0" encoding="UTF-8"?>
<project-private xmlns="http://www.netbeans.org/ns/project-private/1">
    <editor-bookmarks xmlns="http://www.netbeans.org/ns/editor-bookmarks/2" lastBookmarkId="0"/>
    <open-files xmlns="http://www.netbeans.org/ns/projectui-open-files/2">
        <group>
            <file>file:/F:/placement_management/web/tnp-coordinator-dashboard.jsp</file>
            <file>file:/F:/placement_management/web/validateStudent.jsp</file>
            <file>file:/F:/placement_management/web/addCompany.jsp</file>
            <file>file:/F:/placement_management/web/viewStudents.jsp</file>
            <file>file:/F:/placement_management/web/createProfile.jsp</file>
            <file>file:/F:/placement_management/web/tnp-viewStudents.jsp</file>
            <file>file:/F:/placement_management/web/company-dashboard.jsp</file>
        </group>
    </open-files>
</project-private>
